{
  "feature_ablation": {
    "All Features": {
      "precision": 0.671573137074517,
      "recall": 0.6759259259259259,
      "f1": 0.6737425011536686,
      "true_positives": 1460.0,
      "false_positives": 714.0,
      "true_negatives": 40326.0,
      "false_negatives": 700.0,
      "fpr": 0.01739766081871345,
      "detection_rate": 0.6759259259259259,
      "auc_roc": 0.9837894150241859,
      "auc_pr": 0.7921465998248882
    },
    "Without Temporal Features": {
      "precision": 0.6203160270880361,
      "recall": 0.6361111111111111,
      "f1": 0.6281142857142857,
      "true_positives": 1374.0,
      "false_positives": 841.0,
      "true_negatives": 40199.0,
      "false_negatives": 786.0,
      "fpr": 0.020492202729044836,
      "detection_rate": 0.6361111111111111,
      "auc_roc": 0.9786400462962963,
      "auc_pr": 0.7257935500600866
    },
    "Without Rolling Statistics": {
      "precision": 0.9240331491712708,
      "recall": 0.9291666666666667,
      "f1": 0.9265927977839336,
      "true_positives": 2007.0,
      "false_positives": 165.0,
      "true_negatives": 40875.0,
      "false_negatives": 153.0,
      "fpr": 0.00402046783625731,
      "detection_rate": 0.9291666666666667,
      "auc_roc": 0.9987561141794815,
      "auc_pr": 0.9815271484692661
    },
    "Without Deviation Features": {
      "precision": 0.6050113895216401,
      "recall": 0.6148148148148148,
      "f1": 0.609873708381171,
      "true_positives": 1328.0,
      "false_positives": 867.0,
      "true_negatives": 40173.0,
      "false_negatives": 832.0,
      "fpr": 0.021125730994152048,
      "detection_rate": 0.6148148148148148,
      "auc_roc": 0.9697106819904701,
      "auc_pr": 0.6621570391311239
    },
    "Without Cluster Features": {
      "precision": 0.5829903978052127,
      "recall": 0.5902777777777778,
      "f1": 0.5866114561766735,
      "true_positives": 1275.0,
      "false_positives": 912.0,
      "true_negatives": 40128.0,
      "false_negatives": 885.0,
      "fpr": 0.022222222222222223,
      "detection_rate": 0.5902777777777778,
      "auc_roc": 0.9713802816583641,
      "auc_pr": 0.6894252296093578
    },
    "Without Interaction Features": {
      "precision": 0.5910528694080434,
      "recall": 0.6055555555555555,
      "f1": 0.5982163274639836,
      "true_positives": 1308.0,
      "false_positives": 905.0,
      "true_negatives": 40135.0,
      "false_negatives": 852.0,
      "fpr": 0.02205165692007797,
      "detection_rate": 0.6055555555555555,
      "auc_roc": 0.9741704006028445,
      "auc_pr": 0.7107986061244558
    }
  },
  "model_ablation": {
    "Full Ensemble": {
      "precision": 0.2947469482924153,
      "recall": 0.9949074074074075,
      "f1": 0.45476669135541214,
      "true_positives": 2149.0,
      "false_positives": 5142.0,
      "true_negatives": 35898.0,
      "false_negatives": 11.0,
      "fpr": 0.1252923976608187,
      "detection_rate": 0.9949074074074075,
      "auc_roc": 0.9873543652082881,
      "auc_pr": 0.8174181464793369
    },
    "Without IF": {
      "precision": 0.146303611738149,
      "recall": 0.9601851851851851,
      "f1": 0.2539177277179236,
      "true_positives": 2074.0,
      "false_positives": 12102.0,
      "true_negatives": 28938.0,
      "false_negatives": 86.0,
      "fpr": 0.2948830409356725,
      "detection_rate": 0.9601851851851851,
      "auc_roc": 0.9330740560248357,
      "auc_pr": 0.5090051488759357
    },
    "Without OCSVM": {
      "precision": 0.2688091679123069,
      "recall": 0.9990740740740741,
      "f1": 0.42363564978405965,
      "true_positives": 2158.0,
      "false_positives": 5870.0,
      "true_negatives": 35170.0,
      "false_negatives": 2.0,
      "fpr": 0.14303118908382068,
      "detection_rate": 0.9990740740740741,
      "auc_roc": 0.9855709538119991,
      "auc_pr": 0.7993726706468941
    },
    "Without LOF": {
      "precision": 0.19443694301917364,
      "recall": 1.0,
      "f1": 0.3255708794935564,
      "true_positives": 2160.0,
      "false_positives": 8949.0,
      "true_negatives": 32091.0,
      "false_negatives": 0.0,
      "fpr": 0.21805555555555556,
      "detection_rate": 1.0,
      "auc_roc": 0.9901278901342864,
      "auc_pr": 0.8574349280838677
    },
    "Without AE": {
      "precision": 0.6807324840764332,
      "recall": 0.7916666666666666,
      "f1": 0.7320205479452054,
      "true_positives": 1710.0,
      "false_positives": 802.0,
      "true_negatives": 40238.0,
      "false_negatives": 450.0,
      "fpr": 0.019541910331384017,
      "detection_rate": 0.7916666666666666,
      "auc_roc": 0.9872576776947513,
      "auc_pr": 0.8164466776421375
    }
  },
  "contamination_sensitivity": {
    "cont=0.01": {
      "precision": 0.990632318501171,
      "recall": 0.19583333333333333,
      "f1": 0.32701971395438734,
      "true_positives": 423.0,
      "false_positives": 4.0,
      "true_negatives": 41036.0,
      "false_negatives": 1737.0,
      "fpr": 9.746588693957115e-05,
      "detection_rate": 0.19583333333333333,
      "auc_roc": 0.9837894150241859,
      "auc_pr": 0.7921465998248882
    },
    "cont=0.02": {
      "precision": 0.9575757575757575,
      "recall": 0.36574074074074076,
      "f1": 0.5293132328308208,
      "true_positives": 790.0,
      "false_positives": 35.0,
      "true_negatives": 41005.0,
      "false_negatives": 1370.0,
      "fpr": 0.0008528265107212475,
      "detection_rate": 0.36574074074074076,
      "auc_roc": 0.9837894150241859,
      "auc_pr": 0.7921465998248882
    },
    "cont=0.05": {
      "precision": 0.671573137074517,
      "recall": 0.6759259259259259,
      "f1": 0.6737425011536686,
      "true_positives": 1460.0,
      "false_positives": 714.0,
      "true_negatives": 40326.0,
      "false_negatives": 700.0,
      "fpr": 0.01739766081871345,
      "detection_rate": 0.6759259259259259,
      "auc_roc": 0.9837894150241859,
      "auc_pr": 0.7921465998248882
    },
    "cont=0.1": {
      "precision": 0.4593290441176471,
      "recall": 0.9254629629629629,
      "f1": 0.6139434889434889,
      "true_positives": 1999.0,
      "false_positives": 2353.0,
      "true_negatives": 38687.0,
      "false_negatives": 161.0,
      "fpr": 0.05733430799220273,
      "detection_rate": 0.9254629629629629,
      "auc_roc": 0.9837894150241859,
      "auc_pr": 0.7921465998248882
    },
    "cont=0.15": {
      "precision": 0.32653371898310246,
      "recall": 0.9930555555555556,
      "f1": 0.49146523083972965,
      "true_positives": 2145.0,
      "false_positives": 4424.0,
      "true_negatives": 36616.0,
      "false_negatives": 15.0,
      "fpr": 0.1077972709551657,
      "detection_rate": 0.9930555555555556,
      "auc_roc": 0.9837894150241859,
      "auc_pr": 0.7921465998248882
    },
    "cont=0.2": {
      "precision": 0.2496242340154931,
      "recall": 0.999537037037037,
      "f1": 0.39948191322046445,
      "true_positives": 2159.0,
      "false_positives": 6490.0,
      "true_negatives": 34550.0,
      "false_negatives": 1.0,
      "fpr": 0.1581384015594542,
      "detection_rate": 0.999537037037037,
      "auc_roc": 0.9837894150241859,
      "auc_pr": 0.7921465998248882
    }
  }
}